component \ time,1,2,3,4,5,6,7,8
Instantaneous dvy_dx,0.25315,0.27272,0.27304,0.24684,0.19277,0.23811,0.19503,0.22449
Average dvy_dx,0.23702,,,,,,,
