component \ time,1,2,3,4,5,6,7,8
Instantaneous dvx_dy,0.60638,0.61416,0.64703,0.54136,0.62387,0.54058,0.5369,0.51967
Average dvx_dy,0.57874,,,,,,,
