component \ time,1,2,3,4,5,6,7,8
Instantaneous dvx_dy,1.0238,0.95518,1.1373,0.90868,1.0388,0.95989,1.5242,1.2348
Average dvx_dy,1.0978,,,,,,,
