component \ time,1,2,3,4,5,6,7,8
Instantaneous dvy_dx,0.25532,0.22887,0.27092,0.24964,0.30552,0.22274,0.31906,0.31669
Average dvy_dx,0.2711,,,,,,,
